PIPE_DATASET_EXTRACTION,PIPE_DTREEVIZ,PIPE_IMPORTANT_FEATURES,PIPE_InterpretMEKG_SEMANTIFICATION,PIPE_InterpretMEKG_UPLOAD_VIRTUOSO,PIPE_LIME,PIPE_OUTPUT,PIPE_PREPROCESSING,PIPE_SAMPLING,PIPE_SURVSHAP,PIPE_TRAIN_MODEL,join
0.003167867660522461,1.1307709217071533,0.2848989963531494,4.36056113243103,14.61404299736023,3.047574996948242,0.012384891510009766,0.015064001083374023,0.024976730346679688,0.0,2.5706868171691895,0.0
0.002959728240966797,1.0834319591522217,0.28523898124694824,4.680322170257568,15.268435001373291,3.660449981689453,0.01237797737121582,0.016630887985229492,0.026112079620361328,0.0,1.9594998359680176,0.0
