run_id,hyperparameters_name,hyperparameters_value,brier_score,concordance_index,model
1703285359567,max_depth,3,0.20631041768047817,0.6426666666666667,RandomSurvivalForest
1703285359567,max_features,sqrt,0.20631041768047817,0.6426666666666667,RandomSurvivalForest
1703285359567,min_samples_leaf,1,0.20631041768047817,0.6426666666666667,RandomSurvivalForest
1703285359567,min_samples_split,2,0.20631041768047817,0.6426666666666667,RandomSurvivalForest
1703285359567,n_estimators,100,0.20631041768047817,0.6426666666666667,RandomSurvivalForest
