run_id,model,brier_score,concordance_index
1702638949328,RandomSurvivalForest,0.060054468968732844,0.6239301411057137
