run_id,model,brier_score,concordance_index
1703285359567,RandomSurvivalForest,0.20631041768047817,0.6426666666666667
